{
    "velocity": 0.67,
    "radius": 5.0,
    "alpha": 1.57079632679,
    "beta": 0.29670597283,
    "dpe": 0.09,
    "x_max": 250.0,
    "y_max": 250.0
}